id,match_number,round,group,home_team_id,away_team_id,home_team_placeholder,away_team_placeholder,kickoff_utc,venue,home_score,away_score,is_finished,winner_id,home_score_final,away_score_final,m100_preds_flipped
73,73,round_of_32,,2,5,2° Grupo A,2° Grupo B,2026-06-28 19:00:00,"MetLife Stadium, East Rutherford",0,1,True,,0,1,False
89,89,round_of_16,,14,33,Ganador P74,Ganador P77,2026-07-04 21:00:00,"MetLife Stadium, East Rutherford",0,1,True,,0,1,False
90,90,round_of_16,,5,10,Ganador P73,Ganador P75,2026-07-04 17:00:00,"AT&T Stadium, Dallas",0,3,True,,0,3,False
95,95,round_of_16,,8,42,Ganador P85,Ganador P87,2026-07-07 20:00:00,"Estadio Azteca, Mexico City",0,0,True,8,0,0,False
96,96,round_of_16,,37,27,Ganador P86,Ganador P88,2026-07-07 16:00:00,"Levi's Stadium, San Jose",3,2,True,,3,2,False
74,74,round_of_32,,17,14,1° Grupo E,Mejor 3° (A/B/C/D/F),2026-06-29 20:30:00,"NRG Stadium, Houston",1,1,True,14,1,1,False
16,16,group_stage,C,9,12,,,2026-06-20 01:00:00,"Lincoln Financial Field, Philadelphia",3,0,True,,3,0,False
6,6,group_stage,A,2,3,,,2026-06-24 23:00:00,"NRG Stadium, Houston",1,0,True,,1,0,False
29,29,group_stage,E,18,17,,,2026-06-25 20:00:00,"MetLife Stadium, East Rutherford",2,1,True,,2,1,False
88,88,round_of_32,,15,27,2° Grupo D,2° Grupo G,2026-07-03 18:00:00,"Estadio Akron, Guadalajara",1,1,True,27,1,1,False
76,76,round_of_32,,9,22,1° Grupo C,2° Grupo F,2026-06-29 17:00:00,"Levi's Stadium, San Jose",2,1,True,,2,1,False
77,77,round_of_32,,33,24,1° Grupo I,Mejor 3° (C/D/F/G/H),2026-06-30 21:00:00,"Gillette Stadium, Boston",3,0,True,,3,0,False
78,78,round_of_32,,19,35,2° Grupo E,2° Grupo I,2026-06-30 17:00:00,"SoFi Stadium, Los Angeles",1,2,True,,1,2,False
101,101,sf,,33,29,Ganador P97,Ganador P98,2026-07-17 22:00:00,"MetLife Stadium, East Rutherford",0,2,True,,0,2,False
72,72,group_stage,L,46,47,,,2026-06-27 21:00:00,"Lincoln Financial Field, Philadelphia",2,1,True,,2,1,False
1,1,group_stage,A,1,2,,,2026-06-11 19:00:00,"Estadio Azteca, Mexico City",2,0,True,,2,0,False
80,80,round_of_32,,45,44,1° Grupo L,Mejor 3° (E/H/I/J/K),2026-07-01 16:00:00,"BC Place, Vancouver",2,1,True,,2,1,False
81,81,round_of_32,,13,6,1° Grupo D,Mejor 3° (B/E/F/I/J),2026-07-02 00:00:00,"Lumen Field, Seattle",2,0,True,,2,0,False
92,92,round_of_16,,1,45,Ganador P79,Ganador P80,2026-07-06 00:00:00,"SoFi Stadium, Los Angeles",2,3,True,,2,3,False
83,83,round_of_32,,41,46,2° Grupo K,2° Grupo L,2026-07-02 23:00:00,"Lincoln Financial Field, Philadelphia",2,1,True,,2,1,False
84,84,round_of_32,,29,39,1° Grupo H,2° Grupo J,2026-07-02 19:00:00,"Mercedes-Benz Stadium, Atlanta",3,0,True,,3,0,False
85,85,round_of_32,,8,38,1° Grupo B,Mejor 3° (E/F/G/I/J),2026-07-03 03:00:00,"BMO Field, Toronto",2,0,True,,2,0,False
102,102,sf,,45,37,Ganador P99,Ganador P100,2026-07-18 22:00:00,"AT&T Stadium, Dallas",1,2,True,,1,2,False
97,97,qf,,33,10,Ganador P89,Ganador P90,2026-07-14 20:00:00,"MetLife Stadium, East Rutherford",2,0,True,,2,0,False
98,98,qf,,35,45,Ganador P91,Ganador P92,2026-07-14 23:00:00,"SoFi Stadium, Los Angeles",1,2,True,,1,2,False
75,75,round_of_32,,21,10,1° Grupo F,2° Grupo C,2026-06-30 01:00:00,"AT&T Stadium, Dallas",1,1,True,10,1,1,False
87,87,round_of_32,,42,47,1° Grupo K,Mejor 3° (D/E/I/J/L),2026-07-04 01:30:00,"Rose Bowl, Pasadena",1,0,True,,1,0,False
2,2,group_stage,A,3,4,,,2026-06-12 02:00:00,"Estadio Akron, Guadalajara",2,1,True,,2,1,False
94,94,round_of_16,,41,29,Ganador P83,Ganador P84,2026-07-06 19:00:00,"Mercedes-Benz Stadium, Atlanta",0,1,True,,0,1,False
82,82,round_of_32,,25,34,1° Grupo G,Mejor 3° (A/E/H/I/J),2026-07-01 20:00:00,"Hard Rock Stadium, Miami",3,2,True,,3,2,False
91,91,round_of_16,,9,35,Ganador P76,Ganador P78,2026-07-05 20:00:00,"NRG Stadium, Houston",1,2,True,,1,2,False
26,26,group_stage,E,19,18,,,2026-06-14 23:00:00,"Lincoln Financial Field, Philadelphia",1,0,True,,1,0,False
86,86,round_of_32,,37,32,1° Grupo J,2° Grupo H,2026-07-03 22:00:00,"Estadio Azteca, Mexico City",3,2,True,,3,2,False
50,50,group_stage,I,36,35,,,2026-06-16 22:00:00,"Gillette Stadium, Boston",1,4,True,,1,4,False
103,104,final,,29,37,Ganador P101,Ganador P102,2026-07-19 20:00:00,"MetLife Stadium, East Rutherford",1,0,True,,1,0,False
43,43,group_stage,H,29,32,,,2026-06-15 17:00:00,"Mercedes-Benz Stadium, Atlanta",0,0,True,,0,0,False
93,93,round_of_16,,13,25,Ganador P81,Ganador P82,2026-07-06 21:00:00,"Hard Rock Stadium, Miami",1,4,True,,1,4,False
99,99,qf,,25,29,Ganador P93,Ganador P94,2026-07-15 20:00:00,"AT&T Stadium, Dallas",1,2,True,,1,2,False
79,79,round_of_32,,1,18,1° Grupo A,Mejor 3° (C/E/F/H/I),2026-07-01 01:00:00,"Arrowhead Stadium, Kansas City",2,0,True,,,,False
100,100,qf,,8,37,Ganador P95,Ganador P96,2026-07-15 23:00:00,"NRG Stadium, Houston",1,3,True,,1,3,True
58,58,group_stage,J,40,38,,,2026-06-23 03:00:00,"Levi's Stadium, San Jose",1,2,True,,1,2,False
19,19,group_stage,D,13,14,,,2026-06-13 01:00:00,"SoFi Stadium, Los Angeles",4,1,True,,4,1,False
13,13,group_stage,C,9,10,,,2026-06-13 22:00:00,"MetLife Stadium, East Rutherford",1,1,True,,1,1,False
35,35,group_stage,F,22,24,,,2026-06-25 23:00:00,"AT&T Stadium, Dallas",1,1,True,,1,1,False
10,10,group_stage,B,5,7,,,2026-06-18 22:00:00,"BC Place, Vancouver",6,0,True,,6,0,False
44,44,group_stage,H,31,30,,,2026-06-15 22:00:00,"Hard Rock Stadium, Miami",1,1,True,,1,1,False
5,5,group_stage,A,1,4,,,2026-06-24 23:00:00,"Estadio Azteca, Mexico City",3,0,True,,3,0,False
14,14,group_stage,C,12,11,,,2026-06-14 01:00:00,"Gillette Stadium, Boston",0,1,True,,0,1,False
20,20,group_stage,D,15,16,,,2026-06-14 04:00:00,"BC Place, Vancouver",2,0,True,,2,0,False
18,18,group_stage,C,10,12,,,2026-06-24 22:00:00,"Mercedes-Benz Stadium, Atlanta",4,2,True,,4,2,False
33,33,group_stage,F,21,24,,,2026-06-20 17:00:00,"NRG Stadium, Houston",5,1,True,,5,1,False
22,22,group_stage,D,16,14,,,2026-06-20 04:00:00,"Levi's Stadium, San Jose",0,1,True,,0,1,False
30,30,group_stage,E,20,19,,,2026-06-25 20:00:00,"Lincoln Financial Field, Philadelphia",0,2,True,,0,2,False
8,8,group_stage,B,7,8,,,2026-06-13 19:00:00,"Levi's Stadium, San Jose",1,1,True,,1,1,False
25,25,group_stage,E,17,20,,,2026-06-14 17:00:00,"NRG Stadium, Houston",7,1,True,,7,1,False
15,15,group_stage,C,11,10,,,2026-06-19 22:00:00,"Gillette Stadium, Boston",0,1,True,,0,1,False
34,34,group_stage,F,23,22,,,2026-06-21 04:00:00,"Estadio BBVA, Monterrey",0,4,True,,0,4,False
53,53,group_stage,I,35,33,,,2026-06-26 19:00:00,"Gillette Stadium, Boston",1,4,True,,1,4,False
54,54,group_stage,I,34,36,,,2026-06-26 19:00:00,"BMO Field, Toronto",5,0,True,,5,0,False
31,31,group_stage,F,21,22,,,2026-06-14 20:00:00,"AT&T Stadium, Dallas",2,2,True,,2,2,False
28,28,group_stage,E,18,20,,,2026-06-21 00:00:00,"Arrowhead Stadium, Kansas City",0,0,True,,0,0,False
4,4,group_stage,A,1,3,,,2026-06-19 03:00:00,"Estadio Akron, Guadalajara",1,0,True,,1,0,False
36,36,group_stage,F,23,21,,,2026-06-25 23:00:00,"Arrowhead Stadium, Kansas City",1,3,True,,1,3,False
60,60,group_stage,J,40,37,,,2026-06-28 02:00:00,"AT&T Stadium, Dallas",1,3,True,,1,3,False
32,32,group_stage,F,24,23,,,2026-06-15 02:00:00,"Estadio BBVA, Monterrey",5,1,True,,5,1,False
37,37,group_stage,G,25,27,,,2026-06-15 22:00:00,"Lumen Field, Seattle",1,1,True,,1,1,False
27,27,group_stage,E,17,19,,,2026-06-20 20:00:00,"BMO Field, Toronto",2,1,True,,2,1,False
39,39,group_stage,G,25,26,,,2026-06-21 19:00:00,"SoFi Stadium, Los Angeles",0,0,True,,0,0,False
23,23,group_stage,D,16,13,,,2026-06-26 02:00:00,"SoFi Stadium, Los Angeles",3,2,True,,3,2,False
49,49,group_stage,I,33,34,,,2026-06-16 19:00:00,"MetLife Stadium, East Rutherford",3,1,True,,3,1,False
21,21,group_stage,D,13,15,,,2026-06-19 19:00:00,"Lumen Field, Seattle",2,0,True,,2,0,False
46,46,group_stage,H,30,32,,,2026-06-21 22:00:00,"Hard Rock Stadium, Miami",2,2,True,,2,2,False
57,57,group_stage,J,37,39,,,2026-06-22 17:00:00,"AT&T Stadium, Dallas",2,0,True,,2,0,False
41,41,group_stage,G,27,26,,,2026-06-27 03:00:00,"Lumen Field, Seattle",1,1,True,,1,1,False
71,71,group_stage,L,48,45,,,2026-06-27 21:00:00,"MetLife Stadium, East Rutherford",0,2,True,,0,2,False
38,38,group_stage,G,26,28,,,2026-06-16 04:00:00,"SoFi Stadium, Los Angeles",2,2,True,,2,2,False
45,45,group_stage,H,29,31,,,2026-06-21 16:00:00,"Mercedes-Benz Stadium, Atlanta",4,0,True,,4,0,False
40,40,group_stage,G,28,27,,,2026-06-22 01:00:00,"BC Place, Vancouver",1,3,True,,1,3,False
48,48,group_stage,H,30,29,,,2026-06-27 00:00:00,"Estadio Akron, Guadalajara",0,1,True,,0,1,False
42,42,group_stage,G,28,25,,,2026-06-27 03:00:00,"BC Place, Vancouver",1,5,True,,1,5,False
55,55,group_stage,J,37,38,,,2026-06-17 01:00:00,"Arrowhead Stadium, Kansas City",3,0,True,,3,0,False
52,52,group_stage,I,35,34,,,2026-06-23 00:00:00,"MetLife Stadium, East Rutherford",3,2,True,,3,2,False
63,63,group_stage,K,41,43,,,2026-06-23 17:00:00,"NRG Stadium, Houston",5,0,True,,5,0,False
47,47,group_stage,H,32,31,,,2026-06-27 00:00:00,"NRG Stadium, Houston",0,0,True,,0,0,False
66,66,group_stage,K,44,43,,,2026-06-27 23:30:00,"Mercedes-Benz Stadium, Atlanta",3,1,True,,3,1,False
56,56,group_stage,J,39,40,,,2026-06-17 04:00:00,"Levi's Stadium, San Jose",3,1,True,,3,1,False
61,61,group_stage,K,41,44,,,2026-06-17 17:00:00,"NRG Stadium, Houston",1,1,True,,1,1,False
51,51,group_stage,I,33,36,,,2026-06-22 21:00:00,"Lincoln Financial Field, Philadelphia",3,0,True,,3,0,False
59,59,group_stage,J,38,39,,,2026-06-28 02:00:00,"Arrowhead Stadium, Kansas City",3,3,True,,3,3,False
67,67,group_stage,L,45,46,,,2026-06-17 20:00:00,"AT&T Stadium, Dallas",4,2,True,,4,2,False
3,3,group_stage,A,4,2,,,2026-06-18 16:00:00,"Mercedes-Benz Stadium, Atlanta",1,1,True,,1,1,False
69,69,group_stage,L,45,47,,,2026-06-23 20:00:00,"Gillette Stadium, Boston",0,0,True,,0,0,False
17,17,group_stage,C,11,9,,,2026-06-24 22:00:00,"Hard Rock Stadium, Miami",0,3,True,,0,3,False
68,68,group_stage,L,47,48,,,2026-06-17 23:00:00,"BMO Field, Toronto",1,0,True,,1,0,False
62,62,group_stage,K,43,42,,,2026-06-18 02:00:00,"Estadio Azteca, Mexico City",1,3,True,,1,3,False
70,70,group_stage,L,48,46,,,2026-06-23 23:00:00,"BMO Field, Toronto",0,1,True,,0,1,False
12,12,group_stage,B,6,7,,,2026-06-24 23:00:00,"AT&T Stadium, Dallas",3,1,True,,3,1,False
7,7,group_stage,B,5,6,,,2026-06-12 19:00:00,"BMO Field, Toronto",1,1,True,,1,1,False
9,9,group_stage,B,8,6,,,2026-06-18 19:00:00,"SoFi Stadium, Los Angeles",4,1,True,,4,1,False
64,64,group_stage,K,42,44,,,2026-06-24 02:00:00,"Estadio Akron, Guadalajara",1,0,True,,1,0,False
24,24,group_stage,D,14,15,,,2026-06-26 02:00:00,"Levi's Stadium, San Jose",0,0,True,,0,0,False
11,11,group_stage,B,5,8,,,2026-06-24 23:00:00,"MetLife Stadium, East Rutherford",1,2,True,,1,2,False
65,65,group_stage,K,42,41,,,2026-06-27 23:30:00,"Hard Rock Stadium, Miami",0,0,True,,0,0,False
