id,participant_id,match_id,home_score,away_score,points,submitted_at,predicted_winner_side
676,13,99,1,2,9,2026-06-28 21:57:48.756700,
3,2,2,1,2,0,2026-06-11 14:41:17.635420,
4,2,7,2,0,0,2026-06-11 14:41:17.878257,
5,1,2,2,1,9,2026-06-11 14:45:28.680756,
28,9,2,2,0,7,2026-06-11 15:27:55.483694,
8,1,7,2,0,0,2026-06-11 14:45:29.228381,
33,9,7,2,0,0,2026-06-11 15:27:57.555089,
105,11,7,3,1,0,2026-06-11 16:08:33.758085,
21,2,19,2,1,7,2026-06-11 15:08:04.347881,
45,9,19,2,1,7,2026-06-11 15:28:02.483362,
117,11,19,2,0,5,2026-06-11 16:08:38.883986,
9,1,8,1,1,9,2026-06-11 14:45:29.452660,
16,2,8,0,2,0,2026-06-11 15:08:03.281615,
34,9,8,0,1,0,2026-06-11 15:27:57.961640,
106,11,8,2,0,0,2026-06-11 16:08:34.192021,
39,9,13,3,0,0,2026-06-11 15:28:00.029161,
111,11,13,3,0,0,2026-06-11 16:08:36.338981,
40,9,14,1,0,0,2026-06-11 15:28:00.423129,
112,11,14,1,3,5,2026-06-11 16:08:36.744891,
22,2,20,1,0,7,2026-06-11 15:08:04.564944,
46,9,20,2,0,9,2026-06-11 15:28:02.898366,
118,11,20,1,3,0,2026-06-11 16:08:39.326697,
51,9,25,1,0,5,2026-06-11 15:28:04.924689,
123,11,25,3,0,5,2026-06-11 16:08:41.431839,
57,9,31,3,2,0,2026-06-11 15:28:07.461461,
129,11,31,2,3,0,2026-06-11 16:08:44.100362,
52,9,26,0,1,0,2026-06-11 15:28:05.322879,
124,11,26,0,2,0,2026-06-11 16:08:41.874967,
58,9,32,2,0,5,2026-06-11 15:28:07.853597,
130,11,32,2,1,7,2026-06-11 16:08:44.575020,
63,9,37,2,1,0,2026-06-11 15:28:09.973138,
135,11,37,2,1,0,2026-06-11 16:08:46.653059,
75,9,49,4,1,7,2026-06-11 15:28:14.946718,
76,9,50,1,0,0,2026-06-11 15:28:15.477641,
81,9,55,4,0,7,2026-06-11 15:28:17.684750,
82,9,56,1,0,5,2026-06-11 15:28:18.111092,
87,9,61,4,0,0,2026-06-11 15:28:20.258133,
93,9,67,3,2,7,2026-06-11 15:28:22.855735,
94,9,68,0,1,0,2026-06-11 15:28:23.298500,
88,9,62,0,2,5,2026-06-11 15:28:20.713453,
6,1,3,1,1,9,2026-06-11 14:45:28.921357,
12,2,3,2,0,0,2026-06-11 15:08:02.134850,
10,1,9,1,0,5,2026-06-11 14:45:29.655609,
17,2,9,2,0,5,2026-06-11 15:08:03.517958,
35,9,9,1,0,5,2026-06-11 15:27:58.375443,
11,1,10,2,0,7,2026-06-11 14:45:29.858557,
18,2,10,2,0,7,2026-06-11 15:08:03.733438,
36,9,10,2,0,7,2026-06-11 15:27:58.796768,
108,11,10,2,0,7,2026-06-11 16:08:34.993589,
70,9,44,1,2,0,2026-06-11 15:28:12.792871,
69,9,43,4,0,0,2026-06-11 15:28:12.381184,
64,9,38,0,2,0,2026-06-11 15:28:10.358961,
136,11,38,3,2,0,2026-06-11 16:08:47.059075,
23,2,21,1,1,0,2026-06-11 15:08:04.816409,
47,9,21,2,2,0,2026-06-11 15:28:03.306459,
119,11,21,2,1,7,2026-06-11 16:08:39.741586,
41,9,15,0,0,0,2026-06-11 15:28:00.839510,
113,11,15,2,3,5,2026-06-11 16:08:37.137520,
59,9,33,3,2,5,2026-06-11 15:28:08.296302,
131,11,33,2,1,7,2026-06-11 16:08:44.977189,
53,9,27,2,0,7,2026-06-11 15:28:05.816040,
125,11,27,3,1,7,2026-06-11 16:08:42.362289,
54,9,28,1,1,5,2026-06-11 15:28:06.249844,
126,11,28,2,1,0,2026-06-11 16:08:42.803838,
7,1,4,1,2,0,2026-06-11 14:45:29.116346,
13,2,4,2,1,5,2026-06-11 15:08:02.383228,
30,9,4,2,2,0,2026-06-11 15:27:56.312505,
42,9,16,2,1,5,2026-06-11 15:28:01.219486,
114,11,16,4,0,7,2026-06-11 16:08:37.566969,
24,2,22,1,2,5,2026-06-11 15:08:05.037087,
48,9,22,0,3,7,2026-06-11 15:28:03.695317,
120,11,22,3,1,0,2026-06-11 16:08:40.145210,
60,9,34,0,3,7,2026-06-11 15:28:08.729328,
132,11,34,0,2,7,2026-06-11 16:08:45.366014,
71,9,45,3,1,5,2026-06-11 15:28:13.195764,
65,9,39,2,0,0,2026-06-11 15:28:10.758867,
72,9,46,2,0,0,2026-06-11 15:28:13.645085,
66,9,40,2,2,0,2026-06-11 15:28:11.151516,
83,9,57,3,0,7,2026-06-11 15:28:18.510807,
77,9,51,3,0,9,2026-06-11 15:28:15.923254,
78,9,52,0,0,0,2026-06-11 15:28:16.359524,
84,9,58,0,0,0,2026-06-11 15:28:18.947234,
89,9,63,4,0,7,2026-06-11 15:28:21.122512,
95,9,69,4,0,0,2026-06-11 15:28:23.757060,
96,9,70,1,3,5,2026-06-11 15:28:24.179705,
90,9,64,2,0,7,2026-06-11 15:28:21.554112,
43,9,17,0,1,7,2026-06-11 15:28:01.635275,
44,9,18,0,1,0,2026-06-11 15:28:02.057515,
19,2,11,1,2,9,2026-06-11 15:08:03.939409,
37,9,11,2,2,0,2026-06-11 15:27:59.202785,
109,11,11,3,2,0,2026-06-11 16:08:35.476278,
20,2,12,1,0,5,2026-06-11 15:08:04.149721,
38,9,12,1,1,0,2026-06-11 15:27:59.627838,
110,11,12,1,2,0,2026-06-11 16:08:35.911494,
14,2,5,1,1,0,2026-06-11 15:08:02.594219,
31,9,5,3,0,9,2026-06-11 15:27:56.740575,
103,11,5,3,1,7,2026-06-11 16:08:32.898507,
15,2,6,2,0,7,2026-06-11 15:08:02.813639,
32,9,6,2,2,0,2026-06-11 15:27:57.153233,
104,11,6,2,1,5,2026-06-11 16:08:33.324194,
55,9,29,1,2,0,2026-06-11 15:28:06.677370,
56,9,30,0,0,0,2026-06-11 15:28:07.063315,
127,11,29,3,2,5,2026-06-11 16:08:43.239986,
62,9,36,0,3,7,2026-06-11 15:28:09.556076,
134,11,36,0,2,5,2026-06-11 16:08:46.207497,
61,9,35,2,3,0,2026-06-11 15:28:09.167021,
133,11,35,2,1,0,2026-06-11 16:08:45.803169,
25,2,23,1,2,0,2026-06-11 15:08:05.259916,
26,2,24,1,2,0,2026-06-11 15:08:05.477632,
49,9,23,0,3,0,2026-06-11 15:28:04.119645,
50,9,24,2,3,0,2026-06-11 15:28:04.546542,
79,9,53,0,4,7,2026-06-11 15:28:16.780573,
80,9,54,2,0,7,2026-06-11 15:28:17.250749,
73,9,47,0,0,9,2026-06-11 15:28:14.101610,
74,9,48,2,3,5,2026-06-11 15:28:14.504475,
68,9,42,2,2,0,2026-06-11 15:28:11.961326,
67,9,41,2,0,0,2026-06-11 15:28:11.552018,
97,9,71,1,3,5,2026-06-11 15:28:24.584027,
98,9,72,2,0,7,2026-06-11 15:28:24.998205,
91,9,65,2,3,0,2026-06-11 15:28:21.986016,
92,9,66,0,0,0,2026-06-11 15:28:22.428121,
86,9,60,0,3,7,2026-06-11 15:28:19.848669,
85,9,59,0,1,0,2026-06-11 15:28:19.405606,
147,11,49,3,0,7,2026-06-11 16:08:51.779171,
153,11,55,2,0,7,2026-06-11 16:08:54.472131,
159,11,61,4,0,0,2026-06-11 16:08:57.199686,
165,11,67,2,3,0,2026-06-11 16:08:59.686046,
166,11,68,1,2,0,2026-06-11 16:09:00.094320,
141,11,43,3,1,0,2026-06-11 16:08:49.100271,
143,11,45,3,1,5,2026-06-11 16:08:49.952906,
137,11,39,2,0,0,2026-06-11 16:08:47.468923,
155,11,57,2,0,9,2026-06-11 16:08:55.373508,
149,11,51,3,0,9,2026-06-11 16:08:52.753067,
161,11,63,3,0,7,2026-06-11 16:08:58.003464,
167,11,69,3,1,0,2026-06-11 16:09:00.543969,
151,11,53,1,4,9,2026-06-11 16:08:53.586565,
145,11,47,1,2,0,2026-06-11 16:08:50.887615,
139,11,41,2,1,0,2026-06-11 16:08:48.285871,
169,11,71,1,3,5,2026-06-11 16:09:01.353141,
163,11,65,1,4,0,2026-06-11 16:08:58.839973,
157,11,59,1,2,0,2026-06-11 16:08:56.233043,
226,12,2,3,1,7,2026-06-11 16:47:04.761369,
231,12,7,2,0,0,2026-06-11 16:47:06.996312,
232,12,8,2,0,0,2026-06-11 16:47:07.376335,
171,2,13,2,1,0,2026-06-11 16:20:03.653719,
172,2,14,1,2,5,2026-06-11 16:20:03.893417,
238,12,14,1,2,5,2026-06-11 16:47:09.592224,
244,12,20,4,0,7,2026-06-11 16:47:11.849012,
177,2,25,3,0,5,2026-06-11 16:20:06.420293,
249,12,25,3,1,7,2026-06-11 16:47:13.925113,
183,2,31,2,1,0,2026-06-11 16:20:07.944904,
255,12,31,2,1,0,2026-06-11 16:47:16.317390,
178,2,26,1,3,0,2026-06-11 16:20:06.674817,
250,12,26,0,3,0,2026-06-11 16:47:14.314476,
184,2,32,2,0,5,2026-06-11 16:20:08.184788,
256,12,32,1,0,5,2026-06-11 16:47:16.688310,
189,2,37,2,0,0,2026-06-11 16:20:09.305084,
201,2,49,1,0,5,2026-06-11 16:20:11.980624,
273,12,49,3,2,7,2026-06-11 16:47:23.075519,
148,11,50,1,2,7,2026-06-11 16:08:52.189351,
202,2,50,0,1,5,2026-06-11 16:20:12.248158,
207,2,55,3,0,9,2026-06-11 16:20:13.365603,
279,12,55,3,1,7,2026-06-11 16:47:25.254298,
154,11,56,3,1,9,2026-06-11 16:08:54.912135,
208,2,56,0,0,0,2026-06-11 16:20:13.579754,
280,12,56,2,0,5,2026-06-11 16:47:25.623398,
213,2,61,2,0,0,2026-06-11 16:21:18.548708,
285,12,61,2,1,0,2026-06-11 16:47:27.580146,
219,2,67,1,1,0,2026-06-11 16:21:19.843581,
220,2,68,1,0,9,2026-06-11 16:21:20.077089,
160,11,62,0,3,7,2026-06-11 16:08:57.606693,
214,2,62,1,2,7,2026-06-11 16:21:18.774202,
227,12,3,1,2,0,2026-06-11 16:47:05.133630,
233,12,9,2,1,7,2026-06-11 16:47:07.762446,
234,12,10,2,1,5,2026-06-11 16:47:08.127624,
142,11,44,0,2,0,2026-06-11 16:08:49.536073,
196,2,44,1,3,0,2026-06-11 16:20:10.810306,
268,12,44,1,3,0,2026-06-11 16:47:21.220473,
195,2,43,3,1,0,2026-06-11 16:20:10.578405,
267,12,43,2,0,0,2026-06-11 16:47:20.853960,
190,2,38,1,2,0,2026-06-11 16:20:09.521752,
262,12,38,0,2,0,2026-06-11 16:47:18.903054,
245,12,21,2,1,7,2026-06-11 16:47:12.242907,
173,2,15,0,2,7,2026-06-11 16:20:04.128832,
239,12,15,2,1,0,2026-06-11 16:47:09.957475,
185,2,33,1,2,0,2026-06-11 16:20:08.434417,
257,12,33,2,1,7,2026-06-11 16:47:17.053174,
179,2,27,2,1,9,2026-06-11 16:20:06.922375,
251,12,27,3,1,7,2026-06-11 16:47:14.720452,
180,2,28,2,0,0,2026-06-11 16:20:07.122459,
252,12,28,2,1,0,2026-06-11 16:47:15.092738,
228,12,4,2,0,7,2026-06-11 16:47:05.507444,
174,2,16,3,0,9,2026-06-11 16:20:04.377377,
240,12,16,3,0,9,2026-06-11 16:47:10.327508,
246,12,22,0,2,7,2026-06-11 16:47:12.634727,
186,2,34,0,0,0,2026-06-11 16:20:08.667354,
258,12,34,1,2,5,2026-06-11 16:47:17.423206,
197,2,45,3,0,7,2026-06-11 16:20:11.044332,
269,12,45,3,1,5,2026-06-11 16:47:21.587488,
191,2,39,2,0,0,2026-06-11 16:20:09.730226,
144,11,46,3,0,0,2026-06-11 16:08:50.472424,
198,2,46,1,0,0,2026-06-11 16:20:11.274955,
138,11,40,2,0,0,2026-06-11 16:08:47.879524,
192,2,40,2,0,0,2026-06-11 16:20:09.947791,
264,12,40,2,1,0,2026-06-11 16:47:19.633110,
209,2,57,2,1,7,2026-06-11 16:20:13.813302,
281,12,57,3,1,5,2026-06-11 16:47:26.074547,
203,2,51,3,0,9,2026-06-11 16:20:12.467396,
275,12,51,2,1,5,2026-06-11 16:47:23.812098,
150,11,52,1,2,0,2026-06-11 16:08:53.166082,
204,2,52,1,3,0,2026-06-11 16:20:12.690485,
276,12,52,2,1,5,2026-06-11 16:47:24.170216,
156,11,58,1,2,9,2026-06-11 16:08:55.792285,
210,2,58,0,0,0,2026-06-11 16:20:14.039263,
215,2,63,2,0,7,2026-06-11 16:21:18.970821,
287,12,63,2,0,7,2026-06-11 16:47:28.555886,
221,2,69,2,0,0,2026-06-11 16:21:20.264496,
168,11,70,0,2,7,2026-06-11 16:09:00.952122,
222,2,70,1,2,5,2026-06-11 16:21:20.487231,
162,11,64,2,0,7,2026-06-11 16:08:58.413921,
216,2,64,2,0,7,2026-06-11 16:21:19.205625,
288,12,64,2,1,5,2026-06-11 16:47:28.937764,
175,2,17,0,2,7,2026-06-11 16:20:04.601826,
176,2,18,2,0,5,2026-06-11 16:20:04.829518,
241,12,17,1,3,7,2026-06-11 16:47:10.688848,
235,12,11,2,0,0,2026-06-11 16:47:08.492441,
236,12,12,1,2,0,2026-06-11 16:47:08.853790,
229,12,5,2,1,5,2026-06-11 16:47:06.239747,
230,12,6,2,0,7,2026-06-11 16:47:06.620546,
181,2,29,2,0,7,2026-06-11 16:20:07.472242,
182,2,30,0,0,0,2026-06-11 16:20:07.725421,
253,12,29,2,3,0,2026-06-11 16:47:15.494949,
188,2,36,0,3,7,2026-06-11 16:20:09.112683,
260,12,36,0,2,5,2026-06-11 16:47:18.173689,
187,2,35,1,2,0,2026-06-11 16:20:08.896220,
259,12,35,1,0,0,2026-06-11 16:47:17.801192,
247,12,23,1,2,0,2026-06-11 16:47:13.058427,
248,12,24,3,1,0,2026-06-11 16:47:13.436546,
205,2,53,0,2,5,2026-06-11 16:20:12.902454,
277,12,53,1,3,7,2026-06-11 16:47:24.529206,
152,11,54,2,0,7,2026-06-11 16:08:54.031058,
206,2,54,2,0,7,2026-06-11 16:20:13.166906,
278,12,54,2,0,7,2026-06-11 16:47:24.891960,
199,2,47,0,1,0,2026-06-11 16:20:11.517259,
271,12,47,0,1,0,2026-06-11 16:47:22.338088,
146,11,48,2,3,5,2026-06-11 16:08:51.341093,
200,2,48,0,1,9,2026-06-11 16:20:11.739281,
272,12,48,3,2,0,2026-06-11 16:47:22.713566,
140,11,42,1,2,7,2026-06-11 16:08:48.684882,
194,2,42,0,1,5,2026-06-11 16:20:10.377044,
266,12,42,1,2,7,2026-06-11 16:47:20.498421,
170,11,72,3,0,5,2026-06-11 16:09:01.756563,
265,12,41,1,0,0,2026-06-11 16:47:19.998764,
193,2,41,1,1,9,2026-06-11 16:20:10.170593,
223,2,71,0,2,9,2026-06-11 16:21:20.689613,
217,2,65,1,1,5,2026-06-11 16:21:19.415853,
289,12,65,2,3,0,2026-06-11 16:47:29.311135,
164,11,66,3,2,7,2026-06-11 16:08:59.251991,
218,2,66,0,2,0,2026-06-11 16:21:19.633193,
290,12,66,1,0,5,2026-06-11 16:47:29.677813,
158,11,60,1,4,7,2026-06-11 16:08:56.703907,
212,2,60,0,4,5,2026-06-11 16:20:14.484073,
284,12,60,1,3,9,2026-06-11 16:47:27.206579,
211,2,59,0,1,0,2026-06-11 16:20:14.254212,
283,12,59,0,1,0,2026-06-11 16:47:26.841134,
1,1,1,0,0,0,2026-06-11 12:36:41.935887,
2,2,1,2,0,9,2026-06-11 14:40:09.047578,
27,9,1,2,1,7,2026-06-11 15:27:55.035979,
99,11,1,2,0,9,2026-06-11 16:08:30.816836,
225,12,1,2,1,7,2026-06-11 16:47:04.322358,
297,8,1,2,1,7,2026-06-11 17:13:00.804468,
303,8,7,1,0,0,2026-06-11 17:20:20.838958,
337,7,7,2,0,0,2026-06-11 23:41:10.746779,
302,8,19,2,1,7,2026-06-11 17:13:58.320933,
349,7,19,1,2,0,2026-06-11 23:41:13.169914,
420,4,19,2,1,7,2026-06-11 23:54:31.858333,
309,8,16,3,0,9,2026-06-11 17:20:22.074237,
336,7,6,2,1,5,2026-06-11 23:41:10.553303,
307,8,14,0,1,9,2026-06-11 17:20:21.669292,
341,7,11,1,1,0,2026-06-11 23:41:11.515596,
322,8,31,1,1,5,2026-06-11 17:20:24.736729,
380,7,50,0,2,5,2026-06-11 23:41:19.730858,
304,8,8,0,1,0,2026-06-11 17:20:21.053471,
338,7,8,0,2,0,2026-06-11 23:41:10.940750,
409,4,8,1,4,0,2026-06-11 23:54:29.438726,
306,8,13,2,0,0,2026-06-11 17:20:21.476986,
343,7,13,2,1,0,2026-06-11 23:41:11.929370,
344,7,14,0,3,7,2026-06-11 23:41:12.128866,
415,4,14,1,2,5,2026-06-11 23:54:30.784338,
312,8,20,2,1,7,2026-06-11 17:20:22.755709,
350,7,20,0,2,0,2026-06-11 23:41:13.376835,
421,4,20,1,2,0,2026-06-11 23:54:32.062570,
316,8,25,3,0,5,2026-06-11 17:20:23.540156,
355,7,25,3,0,5,2026-06-11 23:41:14.382810,
361,7,31,2,0,0,2026-06-11 23:41:15.595887,
317,8,26,1,2,0,2026-06-11 17:20:23.751144,
356,7,26,2,2,0,2026-06-11 23:41:14.581305,
323,8,32,2,1,7,2026-06-11 17:20:24.927322,
362,7,32,2,0,5,2026-06-11 23:41:15.853394,
300,8,4,2,1,5,2026-06-11 17:13:01.428545,
329,8,45,2,0,7,2026-06-11 17:20:26.278219,
369,7,39,2,0,0,2026-06-11 23:41:17.522698,
391,7,61,2,0,0,2026-06-11 23:41:21.893647,
313,8,21,2,1,7,2026-06-11 17:20:22.938459,
326,8,37,2,1,0,2026-06-11 17:20:25.710922,
367,7,37,3,0,0,2026-06-11 23:41:17.128528,
386,7,56,3,1,9,2026-06-11 23:41:20.916611,
331,8,49,2,0,5,2026-06-11 17:20:26.682766,
379,7,49,2,1,7,2026-06-11 23:41:19.524061,
385,7,55,5,1,5,2026-06-11 23:41:20.721213,
291,12,67,2,2,0,2026-06-11 16:47:30.037943,
397,7,67,2,1,5,2026-06-11 23:41:23.103335,
292,12,68,2,1,5,2026-06-11 16:47:30.402146,
398,7,68,0,2,0,2026-06-11 23:41:23.314742,
392,7,62,1,3,9,2026-06-11 23:41:22.089182,
299,8,3,1,2,0,2026-06-11 17:13:01.209024,
305,8,9,2,1,7,2026-06-11 17:20:21.274283,
339,7,9,2,0,5,2026-06-11 23:41:11.129925,
410,4,9,0,2,0,2026-06-11 23:54:29.664539,
340,7,10,2,1,5,2026-06-11 23:41:11.323137,
411,4,10,3,1,5,2026-06-11 23:54:29.878306,
328,8,44,1,2,0,2026-06-11 17:20:26.092276,
374,7,44,0,2,0,2026-06-11 23:41:18.532742,
327,8,43,2,1,0,2026-06-11 17:20:25.903725,
373,7,43,2,1,0,2026-06-11 23:41:18.329556,
368,7,38,2,1,0,2026-06-11 23:41:17.327451,
351,7,21,2,1,7,2026-06-11 23:41:13.574282,
308,8,15,1,1,0,2026-06-11 17:20:21.875313,
345,7,15,1,2,5,2026-06-11 23:41:12.334894,
324,8,33,2,1,7,2026-06-11 17:20:25.118907,
363,7,33,1,1,0,2026-06-11 23:41:16.182847,
318,8,27,3,1,7,2026-06-11 17:20:23.942360,
357,7,27,2,1,9,2026-06-11 23:41:14.775693,
319,8,28,2,0,0,2026-06-11 17:20:24.132375,
358,7,28,3,0,0,2026-06-11 23:41:14.975553,
334,7,4,2,0,7,2026-06-11 23:41:10.160474,
405,4,4,0,2,0,2026-06-11 23:54:28.570547,
346,7,16,3,0,9,2026-06-11 23:41:12.543643,
417,4,16,4,0,7,2026-06-11 23:54:31.204449,
314,8,22,1,2,5,2026-06-11 17:20:23.131961,
352,7,22,1,1,0,2026-06-11 23:41:13.776011,
325,8,34,1,2,5,2026-06-11 17:20:25.377229,
364,7,34,1,2,5,2026-06-11 23:41:16.448677,
375,7,45,3,1,5,2026-06-11 23:41:18.725463,
330,8,46,3,1,0,2026-06-11 17:20:26.494514,
376,7,46,2,1,0,2026-06-11 23:41:18.931627,
370,7,40,0,0,0,2026-06-11 23:41:17.721934,
387,7,57,2,1,7,2026-06-11 23:41:21.113058,
381,7,51,3,1,7,2026-06-11 23:41:19.930204,
382,7,52,3,0,7,2026-06-11 23:41:20.140897,
388,7,58,1,1,0,2026-06-11 23:41:21.312898,
393,7,63,2,0,7,2026-06-11 23:41:22.291838,
293,12,69,4,0,0,2026-06-11 16:47:30.768428,
399,7,69,2,0,0,2026-06-11 23:41:23.515317,
294,12,70,0,3,7,2026-06-11 16:47:31.288815,
400,7,70,0,1,9,2026-06-11 23:41:23.713695,
394,7,64,3,0,7,2026-06-11 23:41:22.496800,
310,8,17,0,2,7,2026-06-11 17:20:22.263904,
412,4,11,1,1,0,2026-06-11 23:54:30.096882,
342,7,12,2,1,7,2026-06-11 23:41:11.717244,
413,4,12,1,0,5,2026-06-11 23:54:30.325401,
301,8,5,2,0,7,2026-06-11 17:13:01.624349,
335,7,5,1,1,0,2026-06-11 23:41:10.360904,
406,4,5,2,0,7,2026-06-11 23:54:28.782428,
407,4,6,0,3,0,2026-06-11 23:54:28.992513,
320,8,29,1,2,0,2026-06-11 17:20:24.338002,
321,8,30,0,1,7,2026-06-11 17:20:24.538521,
359,7,29,1,1,0,2026-06-11 23:41:15.169313,
360,7,30,0,2,9,2026-06-11 23:41:15.369902,
366,7,36,1,2,7,2026-06-11 23:41:16.919583,
365,7,35,2,1,0,2026-06-11 23:41:16.654377,
315,8,23,1,2,0,2026-06-11 17:20:23.331768,
353,7,23,1,2,0,2026-06-11 23:41:13.976665,
354,7,24,2,0,0,2026-06-11 23:41:14.179898,
383,7,53,1,2,7,2026-06-11 23:41:20.338758,
384,7,54,2,2,0,2026-06-11 23:41:20.528063,
377,7,47,1,1,5,2026-06-11 23:41:19.123353,
378,7,48,1,2,5,2026-06-11 23:41:19.321044,
372,7,42,0,3,5,2026-06-11 23:41:18.131264,
371,7,41,2,1,0,2026-06-11 23:41:17.931324,
295,12,71,0,3,7,2026-06-11 16:47:31.657073,
296,12,72,2,1,9,2026-06-11 16:47:32.043749,
401,7,71,0,2,9,2026-06-11 23:41:23.910776,
402,7,72,2,1,9,2026-06-11 23:41:24.115144,
395,7,65,2,1,0,2026-06-11 23:41:22.698729,
396,7,66,0,0,0,2026-06-11 23:41:22.898353,
390,7,60,0,2,5,2026-06-11 23:41:21.697491,
389,7,59,1,2,0,2026-06-11 23:41:21.503534,
426,4,25,4,1,7,2026-06-11 23:54:33.153382,
432,4,31,1,0,0,2026-06-11 23:54:34.464437,
438,4,37,1,1,9,2026-06-11 23:54:35.834093,
450,4,49,3,1,9,2026-06-11 23:54:38.456880,
456,4,55,4,1,5,2026-06-11 23:54:39.770659,
462,4,61,2,0,0,2026-06-11 23:54:41.082307,
468,4,67,1,1,0,2026-06-11 23:54:42.425451,
469,4,68,0,0,0,2026-06-11 23:54:42.643161,
444,4,43,3,0,0,2026-06-11 23:54:37.134949,
422,4,21,2,2,0,2026-06-11 23:54:32.284402,
434,4,33,2,1,7,2026-06-11 23:54:34.898303,
428,4,27,3,1,7,2026-06-11 23:54:33.589812,
446,4,45,2,0,7,2026-06-11 23:54:37.580119,
440,4,39,2,1,0,2026-06-11 23:54:36.257807,
458,4,57,2,0,9,2026-06-11 23:54:40.217788,
452,4,51,3,0,9,2026-06-11 23:54:38.890932,
464,4,63,3,0,7,2026-06-11 23:54:41.536813,
470,4,69,4,0,0,2026-06-11 23:54:42.874669,
430,4,29,1,2,0,2026-06-11 23:54:34.011545,
436,4,35,2,0,0,2026-06-11 23:54:35.370163,
424,4,23,1,1,0,2026-06-11 23:54:32.730272,
454,4,53,1,3,7,2026-06-11 23:54:39.325439,
448,4,47,0,0,9,2026-06-11 23:54:38.012418,
442,4,41,1,0,0,2026-06-11 23:54:36.706914,
472,4,71,1,3,5,2026-06-11 23:54:43.290557,
466,4,65,1,1,5,2026-06-11 23:54:41.982087,
460,4,59,0,0,5,2026-06-11 23:54:40.650635,
100,11,2,2,0,7,2026-06-11 16:08:31.614131,
298,8,2,1,1,0,2026-06-11 17:13:01.005342,
332,7,2,0,2,0,2026-06-11 23:41:09.763558,
403,4,2,3,1,7,2026-06-11 23:54:28.010963,
408,4,7,1,0,0,2026-06-11 23:54:29.223725,
243,12,19,1,1,0,2026-06-11 16:47:11.436160,
237,12,13,3,1,0,2026-06-11 16:47:09.229423,
414,4,13,3,0,0,2026-06-11 23:54:30.550025,
427,4,26,1,3,0,2026-06-11 23:54:33.369828,
433,4,32,0,0,0,2026-06-11 23:54:34.680889,
261,12,37,3,0,0,2026-06-11 16:47:18.537196,
274,12,50,1,2,7,2026-06-11 16:47:23.439073,
451,4,50,1,2,7,2026-06-11 23:54:38.677472,
488,8,50,0,2,5,2026-06-13 12:43:38.004976,
493,8,55,4,0,7,2026-06-13 12:43:38.907862,
457,4,56,2,0,5,2026-06-11 23:54:39.997707,
494,8,56,2,1,7,2026-06-13 12:43:39.076292,
499,8,61,3,0,0,2026-06-13 12:43:39.940369,
505,8,67,2,2,0,2026-06-13 12:43:41.013139,
506,8,68,2,1,5,2026-06-13 12:43:41.190900,
286,12,62,1,3,9,2026-06-11 16:47:28.175710,
463,4,62,0,3,7,2026-06-11 23:54:41.305083,
500,8,62,1,2,7,2026-06-13 12:43:40.119478,
29,9,3,1,2,0,2026-06-11 15:27:55.902557,
101,11,3,3,1,0,2026-06-11 16:08:32.035380,
333,7,3,2,1,0,2026-06-11 23:41:09.957308,
404,4,3,1,0,0,2026-06-11 23:54:28.371339,
107,11,9,1,0,5,2026-06-11 16:08:34.596202,
475,8,10,2,1,5,2026-06-13 12:43:31.113650,
445,4,44,1,2,0,2026-06-11 23:54:37.346987,
439,4,38,1,0,0,2026-06-11 23:54:36.036619,
481,8,38,0,2,0,2026-06-13 12:43:35.871392,
416,4,15,1,1,0,2026-06-11 23:54:30.993349,
429,4,28,3,0,0,2026-06-11 23:54:33.797175,
102,11,4,2,0,7,2026-06-11 16:08:32.466466,
423,4,22,1,2,5,2026-06-11 23:54:32.512946,
435,4,34,1,3,5,2026-06-11 23:54:35.111721,
263,12,39,1,0,0,2026-06-11 16:47:19.265540,
482,8,39,2,0,0,2026-06-13 12:43:36.047556,
270,12,46,3,1,0,2026-06-11 16:47:21.964163,
447,4,46,2,1,0,2026-06-11 23:54:37.798360,
441,4,40,0,2,5,2026-06-11 23:54:36.479336,
483,8,40,2,1,0,2026-06-13 12:43:36.228820,
495,8,57,3,1,5,2026-06-13 12:43:39.248660,
489,8,51,3,0,9,2026-06-13 12:43:38.185579,
453,4,52,1,0,5,2026-06-11 23:54:39.109828,
490,8,52,2,0,5,2026-06-13 12:43:38.368978,
282,12,58,1,0,0,2026-06-11 16:47:26.476060,
459,4,58,0,0,0,2026-06-11 23:54:40.435291,
496,8,58,1,1,0,2026-06-13 12:43:39.419738,
501,8,63,3,0,7,2026-06-13 12:43:40.298454,
507,8,69,1,2,0,2026-06-13 12:43:41.365724,
471,4,70,0,2,7,2026-06-11 23:54:43.076229,
508,8,70,1,2,5,2026-06-13 12:43:41.556507,
465,4,64,2,0,7,2026-06-11 23:54:41.755309,
502,8,64,3,1,5,2026-06-13 12:43:40.464058,
115,11,17,0,3,9,2026-06-11 16:08:37.986155,
116,11,18,2,0,5,2026-06-11 16:08:38.424432,
242,12,18,1,0,5,2026-06-11 16:47:11.056556,
311,8,18,1,0,5,2026-06-11 17:20:22.458677,
347,7,17,1,2,5,2026-06-11 23:41:12.743443,
348,7,18,2,0,5,2026-06-11 23:41:12.966592,
418,4,17,1,2,5,2026-06-11 23:54:31.417389,
419,4,18,2,0,5,2026-06-11 23:54:31.640257,
476,8,11,1,0,0,2026-06-13 12:43:31.294925,
477,8,12,2,1,7,2026-06-13 12:43:31.470401,
474,8,6,0,1,0,2026-06-13 12:43:30.581273,
128,11,30,2,1,0,2026-06-11 16:08:43.679991,
254,12,30,1,2,7,2026-06-11 16:47:15.885426,
431,4,30,2,2,0,2026-06-11 23:54:34.231430,
437,4,36,0,3,7,2026-06-11 23:54:35.605941,
480,8,36,0,2,5,2026-06-13 12:43:35.502267,
479,8,35,2,1,0,2026-06-13 12:43:35.325888,
121,11,23,1,2,0,2026-06-11 16:08:40.559955,
122,11,24,3,2,0,2026-06-11 16:08:40.968261,
425,4,24,1,2,0,2026-06-11 23:54:32.940721,
478,8,24,1,2,0,2026-06-13 12:43:33.403947,
491,8,53,1,2,7,2026-06-13 12:43:38.549765,
455,4,54,2,0,7,2026-06-11 23:54:39.539090,
492,8,54,2,0,7,2026-06-13 12:43:38.728816,
511,7,73,0,1,9,2026-06-27 00:22:12.834683,
516,7,78,2,2,0,2026-06-27 00:22:13.612764,away
512,7,74,2,1,0,2026-06-27 00:22:13.017668,
520,7,82,2,1,5,2026-06-27 00:22:14.238671,
523,7,85,2,0,9,2026-06-27 00:22:14.727096,
544,2,90,0,2,7,2026-06-28 03:14:11.403476,
486,8,47,2,1,0,2026-06-13 12:43:37.451709,
449,4,48,1,2,5,2026-06-11 23:54:38.235812,
487,8,48,2,2,0,2026-06-13 12:43:37.638130,
443,4,42,1,3,7,2026-06-11 23:54:36.925206,
485,8,42,2,2,0,2026-06-13 12:43:36.575952,
484,8,41,2,1,0,2026-06-13 12:43:36.403883,
515,7,77,3,1,7,2026-06-27 00:22:13.400899,
518,7,80,2,1,9,2026-06-27 00:22:13.858362,
519,7,81,3,0,7,2026-06-27 00:22:14.104046,
224,2,72,2,0,7,2026-06-11 16:21:20.918093,
473,4,72,2,0,7,2026-06-11 23:54:43.522221,
509,8,71,1,2,7,2026-06-13 12:43:41.729676,
510,8,72,2,1,9,2026-06-13 12:43:41.902443,
503,8,65,2,2,5,2026-06-13 12:43:40.643755,
467,4,66,2,2,0,2026-06-11 23:54:42.206444,
504,8,66,2,1,7,2026-06-13 12:43:40.833563,
521,7,83,2,1,9,2026-06-27 00:22:14.359637,
497,8,59,1,2,0,2026-06-13 12:43:39.588798,
513,7,75,3,1,0,2026-06-27 00:22:13.152634,
531,2,77,3,0,9,2026-06-28 03:12:45.942942,
536,2,82,1,1,0,2026-06-28 03:12:47.362850,home
535,2,81,2,0,9,2026-06-28 03:12:46.968864,
545,2,91,2,1,0,2026-06-28 03:14:11.612975,
543,2,89,1,2,5,2026-06-28 03:14:11.144752,
524,7,86,3,0,7,2026-06-27 00:22:14.854974,
526,7,88,1,1,9,2026-06-27 00:22:15.171395,home
514,7,76,1,0,5,2026-06-27 00:22:13.273535,
530,2,76,2,0,7,2026-06-28 03:12:45.577243,
528,2,74,4,0,0,2026-06-28 03:12:44.720037,
532,2,78,1,3,7,2026-06-28 03:12:46.148734,
517,7,79,1,2,0,2026-06-27 00:22:13.737986,
533,2,79,2,1,7,2026-06-28 03:12:46.442902,
534,2,80,1,1,0,2026-06-28 03:12:46.648729,home
522,7,84,2,1,5,2026-06-27 00:22:14.598129,
538,2,84,2,0,7,2026-06-28 03:12:47.992529,
539,2,85,1,0,7,2026-06-28 03:12:48.402864,
537,2,83,1,0,5,2026-06-28 03:12:47.674420,
540,2,86,2,0,5,2026-06-28 03:12:48.696486,
525,7,87,2,1,5,2026-06-27 00:22:14.975457,
541,2,87,1,0,9,2026-06-28 03:12:49.096569,
542,2,88,1,2,0,2026-06-28 03:12:49.434311,
554,2,100,1,2,7,2026-06-28 03:15:06.431598,
546,2,92,2,1,0,2026-06-28 03:14:11.832426,
549,2,95,0,2,0,2026-06-28 03:14:12.774476,
551,2,97,1,1,0,2026-06-28 03:15:05.600528,home
556,2,102,2,1,0,2026-06-28 03:18:00.478290,
547,2,93,1,0,0,2026-06-28 03:14:12.142055,
550,2,96,1,0,5,2026-06-28 03:14:12.956555,
552,2,98,2,1,0,2026-06-28 03:15:05.943865,
557,2,103,1,2,0,2026-06-28 03:18:20.995526,
461,4,60,0,3,7,2026-06-11 23:54:40.874762,
498,8,60,0,3,7,2026-06-13 12:43:39.761539,
553,2,99,0,2,7,2026-06-28 03:15:06.221496,
584,7,99,1,2,9,2026-06-28 13:24:53.736547,
615,11,99,0,2,7,2026-06-28 15:53:52.157150,
629,4,99,1,2,9,2026-06-28 15:57:51.352555,
578,7,93,2,1,0,2026-06-28 13:23:07.813586,
585,7,100,2,2,0,2026-06-28 13:24:53.914916,away
616,11,100,1,3,9,2026-06-28 15:53:52.586125,
677,13,100,2,2,0,2026-06-28 21:57:49.082371,away
555,2,101,2,1,0,2026-06-28 03:18:00.153800,
586,7,101,2,1,0,2026-06-28 13:25:40.361362,
574,7,89,1,2,5,2026-06-28 13:23:07.204150,
548,2,94,0,2,7,2026-06-28 03:14:12.488574,
583,7,98,1,1,0,2026-06-28 13:24:53.598297,home
587,7,102,1,1,0,2026-06-28 13:25:40.563274,away
617,11,101,3,1,0,2026-06-28 15:55:14.453817,
630,4,101,4,3,0,2026-06-28 15:57:51.590727,
566,4,81,0,0,0,2026-06-28 03:32:01.654986,away
568,4,83,1,0,5,2026-06-28 03:32:02.289412,
558,4,73,1,0,0,2026-06-28 03:31:59.023075,
618,11,102,1,3,7,2026-06-28 15:55:14.871035,
561,4,76,3,1,7,2026-06-28 03:32:00.143661,
592,11,76,3,0,5,2026-06-28 15:40:41.699801,
636,9,76,3,1,7,2026-06-28 16:15:05.159194,
653,13,76,2,0,7,2026-06-28 21:53:36.205573,
559,4,74,2,1,0,2026-06-28 03:31:59.534969,
590,11,74,3,1,0,2026-06-28 15:40:40.803260,
634,9,74,3,1,0,2026-06-28 16:15:04.325221,
651,13,74,2,0,0,2026-06-28 21:53:35.176997,
681,8,74,2,0,0,2026-06-29 02:33:55.733966,
576,7,91,1,0,0,2026-06-28 13:23:07.556033,
563,4,78,0,0,0,2026-06-28 03:32:00.726196,away
594,11,78,1,3,7,2026-06-28 15:40:42.671677,
607,11,91,4,1,0,2026-06-28 15:51:30.964866,
638,9,78,1,3,7,2026-06-28 16:15:06.004987,
652,13,75,2,1,0,2026-06-28 21:53:35.717745,
682,8,75,2,1,0,2026-06-29 02:33:55.969121,
655,13,78,1,2,9,2026-06-28 21:53:37.158450,
562,4,77,3,2,7,2026-06-28 03:32:00.437869,
593,11,77,4,1,5,2026-06-28 15:40:42.187153,
637,9,77,3,1,7,2026-06-28 16:15:05.579871,
654,13,77,2,0,7,2026-06-28 21:53:36.674540,
684,8,77,3,0,9,2026-06-29 02:33:56.460089,
597,11,81,3,0,7,2026-06-28 15:40:44.174397,
564,4,79,0,1,0,2026-06-28 03:32:01.037211,
595,11,79,3,2,5,2026-06-28 15:40:43.126306,
639,9,79,3,1,5,2026-06-28 16:15:06.447905,
656,13,79,1,1,0,2026-06-28 21:53:37.789897,home
565,4,80,1,0,5,2026-06-28 03:32:01.355796,
596,11,80,3,0,5,2026-06-28 15:40:43.603804,
640,9,80,3,0,5,2026-06-28 16:15:06.841018,
657,13,80,1,0,5,2026-06-28 21:53:38.274068,
567,4,82,3,0,7,2026-06-28 03:32:01.957875,
598,11,82,3,1,7,2026-06-28 15:40:44.612430,
642,9,82,2,1,5,2026-06-28 16:15:07.736266,
659,13,82,0,2,0,2026-06-28 21:53:39.395235,
641,9,81,3,0,7,2026-06-28 16:15:07.292241,
658,13,81,2,0,9,2026-06-28 21:53:38.915751,
569,4,84,2,1,5,2026-06-28 03:32:02.704303,
600,11,84,2,1,5,2026-06-28 15:40:45.771722,
644,9,84,2,1,5,2026-06-28 16:15:08.609109,
661,13,84,2,1,5,2026-06-28 21:53:40.356321,
570,4,85,3,1,5,2026-06-28 03:32:03.089190,
601,11,85,2,1,7,2026-06-28 15:40:46.208954,
643,9,83,1,2,0,2026-06-28 16:15:08.165961,
599,11,83,3,2,5,2026-06-28 15:40:45.152713,
645,9,85,2,1,7,2026-06-28 16:15:09.029632,
662,13,85,1,1,0,2026-06-28 21:53:40.835038,home
622,4,91,5,3,0,2026-06-28 15:57:49.556926,
604,11,88,2,1,0,2026-06-28 15:40:47.575554,
648,9,88,2,1,0,2026-06-28 16:15:10.284148,
668,13,91,2,3,5,2026-06-28 21:55:52.393379,
571,4,86,3,1,7,2026-06-28 03:32:03.400862,
602,11,86,3,1,7,2026-06-28 15:40:46.677038,
646,9,86,3,1,7,2026-06-28 16:15:09.463733,
663,13,86,3,0,7,2026-06-28 21:53:41.480320,
575,7,90,1,1,0,2026-06-28 13:23:07.420405,home
603,11,87,3,0,7,2026-06-28 15:40:47.125641,
647,9,87,3,1,5,2026-06-28 16:15:09.891310,
606,11,90,1,3,7,2026-06-28 15:51:30.522284,
572,4,87,2,1,5,2026-06-28 03:32:03.804522,
664,13,87,2,1,5,2026-06-28 21:53:41.937244,
621,4,90,2,3,7,2026-06-28 15:57:49.329194,
605,11,89,1,3,5,2026-06-28 15:51:30.114401,
620,4,89,1,2,5,2026-06-28 15:57:49.100976,
666,13,89,1,3,5,2026-06-28 21:55:51.740409,
678,13,101,2,1,0,2026-06-28 21:57:49.446803,
631,4,102,5,4,0,2026-06-28 15:57:51.818098,
679,13,102,3,2,0,2026-06-28 21:57:49.784262,
560,4,75,1,1,9,2026-06-28 03:31:59.844024,home
573,4,88,0,0,5,2026-06-28 03:32:04.225718,away
591,11,75,1,3,0,2026-06-28 15:40:41.257748,
577,7,92,1,1,0,2026-06-28 13:23:07.686783,home
608,11,92,0,2,5,2026-06-28 15:51:31.434866,
669,13,92,1,2,5,2026-06-28 21:55:52.705556,
579,7,94,0,1,9,2026-06-28 13:23:08.003194,
610,11,94,3,1,0,2026-06-28 15:51:32.334875,
624,4,94,5,6,5,2026-06-28 15:57:50.173288,
609,11,93,2,0,0,2026-06-28 15:51:31.872546,
623,4,93,1,1,0,2026-06-28 15:57:49.873400,away
670,13,93,1,3,7,2026-06-28 21:55:53.004533,
581,7,96,2,0,5,2026-06-28 13:23:08.258324,
612,11,96,2,0,5,2026-06-28 15:51:33.214898,
626,4,96,1,0,5,2026-06-28 15:57:50.657753,
673,13,96,3,0,7,2026-06-28 21:55:53.959405,
580,7,95,1,2,0,2026-06-28 13:23:08.137365,
611,11,95,0,3,0,2026-06-28 15:51:32.766765,
625,4,95,1,3,0,2026-06-28 15:57:50.418361,
672,13,95,0,2,0,2026-06-28 21:55:53.636892,
582,7,97,2,1,7,2026-06-28 13:24:53.461077,
613,11,97,3,1,5,2026-06-28 15:53:51.306569,
627,4,97,0,1,0,2026-06-28 15:57:50.886330,
674,13,97,2,1,7,2026-06-28 21:57:48.102243,
614,11,98,3,0,0,2026-06-28 15:53:51.741073,
628,4,98,2,1,0,2026-06-28 15:57:51.117148,
675,13,98,1,1,0,2026-06-28 21:57:48.440962,away
588,7,103,1,2,0,2026-06-28 13:25:54.524973,
619,11,103,3,1,5,2026-06-28 15:56:01.502699,
632,4,103,2,1,5,2026-06-28 15:57:52.066697,
680,13,103,2,1,5,2026-06-28 21:57:50.200293,
720,9,99,1,3,7,2026-06-29 03:00:06.060098,
707,8,100,0,2,5,2026-06-29 02:41:14.207724,
709,8,102,1,3,7,2026-06-29 02:43:04.833935,
723,9,102,2,2,0,2026-06-29 03:04:57.822033,away
725,8,103,1,2,0,2026-06-29 03:06:07.252252,
686,8,79,1,0,7,2026-06-29 02:33:56.956553,
688,8,81,2,0,9,2026-06-29 02:33:57.445386,
690,8,83,1,1,0,2026-06-29 02:33:57.915707,away
692,8,85,1,0,7,2026-06-29 02:33:58.404794,
694,8,87,2,1,5,2026-06-29 02:33:58.886183,
697,8,90,1,2,5,2026-06-29 02:39:01.022843,
710,9,89,1,3,5,2026-06-29 02:58:32.156777,
635,9,75,1,1,9,2026-06-28 16:15:04.739517,home
712,9,91,3,2,0,2026-06-29 02:58:33.001906,
699,8,92,1,2,5,2026-06-29 02:39:01.502288,
701,8,94,2,1,0,2026-06-29 02:39:01.980660,
714,9,93,2,0,0,2026-06-29 02:58:34.001699,
703,8,96,1,1,0,2026-06-29 02:39:02.462370,home
716,9,95,2,3,0,2026-06-29 02:58:34.824540,
718,9,97,2,2,0,2026-06-29 03:00:05.162314,home
705,8,98,2,1,0,2026-06-29 02:41:13.575318,
527,2,73,0,1,9,2026-06-28 03:12:42.867299,
589,11,73,1,2,5,2026-06-28 15:40:40.334840,
633,9,73,1,2,5,2026-06-28 16:15:03.870245,
649,8,73,1,1,0,2026-06-28 21:47:50.025690,away
650,13,73,0,1,9,2026-06-28 21:48:32.739937,
683,8,76,2,1,9,2026-06-29 02:33:56.220264,
728,14,76,2,1,9,2026-06-29 13:40:09.549221,
726,14,74,2,0,0,2026-06-29 13:40:09.074055,
706,8,99,2,1,0,2026-06-29 02:41:13.931684,
721,9,100,2,4,5,2026-06-29 03:00:06.460838,
529,2,75,2,1,0,2026-06-28 03:12:45.157877,
727,14,75,3,2,0,2026-06-29 13:40:09.322997,
708,8,101,2,2,0,2026-06-29 02:43:04.592553,away
722,9,101,3,2,0,2026-06-29 03:04:57.404511,
724,9,103,3,2,5,2026-06-29 03:05:41.952933,
685,8,78,1,2,9,2026-06-29 02:33:56.694379,
730,14,78,1,2,9,2026-06-29 13:40:10.172756,
741,12,78,2,1,0,2026-06-30 13:27:14.169324,
729,14,77,2,1,5,2026-06-29 13:40:09.918108,
740,12,77,3,1,7,2026-06-30 13:27:13.748427,
731,14,79,0,0,0,2026-06-29 13:40:10.479500,away
742,12,79,3,1,5,2026-06-30 13:27:14.546385,
687,8,80,2,0,7,2026-06-29 02:33:57.198674,
732,14,80,2,1,9,2026-06-29 13:40:10.820835,
743,12,80,2,1,9,2026-06-30 13:27:14.978157,
689,8,82,2,1,5,2026-06-29 02:33:57.670540,
734,14,82,0,1,0,2026-06-29 13:40:11.369088,
745,12,82,0,1,0,2026-06-30 13:27:15.737913,
733,14,81,0,0,0,2026-06-29 13:40:11.108929,home
744,12,81,3,0,7,2026-06-30 13:27:15.378250,
691,8,84,1,0,7,2026-06-29 02:33:58.150294,
736,14,84,2,0,7,2026-06-29 13:40:11.927276,
747,12,84,1,2,0,2026-06-30 13:27:16.589295,
746,12,83,2,3,0,2026-06-30 13:27:16.181595,
660,13,83,2,2,0,2026-06-28 21:53:39.894258,home
735,14,83,1,1,0,2026-06-29 13:40:11.614632,home
748,12,85,2,1,7,2026-06-30 13:27:17.037982,
693,8,86,3,1,7,2026-06-29 02:33:58.652799,
737,14,86,1,0,5,2026-06-29 13:40:12.229884,
749,12,86,3,1,7,2026-06-30 13:27:17.420545,
738,14,87,1,0,9,2026-06-29 13:40:12.633898,
750,12,87,2,1,5,2026-06-30 13:27:17.813401,
667,13,90,0,2,7,2026-06-28 21:55:52.061532,
711,9,90,1,3,7,2026-06-29 02:58:32.581685,
696,8,89,1,2,5,2026-06-29 02:39:00.782325,
665,13,88,2,2,5,2026-06-28 21:53:42.269956,away
695,8,88,1,1,9,2026-06-29 02:33:59.134258,home
739,14,88,0,1,0,2026-06-29 13:40:12.944124,
751,12,88,1,2,0,2026-06-30 13:27:18.318891,
698,8,91,0,1,5,2026-06-29 02:39:01.265030,
713,9,92,2,3,9,2026-06-29 02:58:33.595465,
671,13,94,2,2,0,2026-06-28 21:55:53.326385,home
715,9,94,3,1,0,2026-06-29 02:58:34.411559,
700,8,93,2,1,0,2026-06-29 02:39:01.739238,
717,9,96,3,0,7,2026-06-29 02:58:35.231609,
702,8,95,1,2,0,2026-06-29 02:39:02.218755,
704,8,97,2,1,7,2026-06-29 02:41:13.178071,
719,9,98,2,3,5,2026-06-29 03:00:05.650997,
